Model,Accuracy,Precision,Recall,F1-Score,ROC-AUC
Logistic Regression,0.65,0.0,0.0,0.0,0.6105006105006104
Random Forest,0.6,0.3333333333333333,0.14285714285714285,0.2,0.5177045177045176
XGBoost,0.6,0.42857142857142855,0.42857142857142855,0.42857142857142855,0.5982905982905983
