Feature,Importance
Monthly_Charges,0.22476283358112178
Tenure_Months,0.22355673022804606
Age,0.22031856089769614
Support_Tickets,0.10852964215184022
Payment_Method,0.08298050235835258
Contract_Type,0.0656795467234318
Gender,0.03985963396984166
Internet_Service,0.034312550089669804
